{
"apiVersion": "V2",
"assemblies": [
{
  "files": [
    {
      "filePath": "data_summary.tsv",
      "fileType": "DATA_TABLE"
    },
    {
      "filePath": "assembly_data_report.jsonl",
      "fileType": "DATA_REPORT"
    }
  ]
},{
  "accession": "GCA_020542785.1",
  "files": [
    {
      "filePath": "GCA_020542785.1/cds_from_genomic.fna",
      "fileType": "CDS_NUCLEOTIDE_FASTA"
    }
  ]
},{
  "accession": "GCF_020542785.1",
  "files": [
    {
      "filePath": "GCF_020542785.1/cds_from_genomic.fna",
      "fileType": "CDS_NUCLEOTIDE_FASTA"
    }
  ]
}]}
